title,slug,status,created_at,feature_image,content_images
Already here :),coming-soon,published,2023-03-08 19:42:28,images/remote/photo-1568144628871-ccbb00fc297c,
About this site,about,published,2023-03-08 19:42:41,images/2023/03/a4324820-ef45-4318-920c-28f24f5e299b.png,
A mid-morning US harvest,a-mid-morning-us-harvest,published,2023-03-08 19:48:44,images/2023/03/328244911_1137321840291614_3728922478177481520_n.jpg,
More Than 60% of All Food Waste is Produced on the Commercial Level,more-than-60-of-all-food-waste-is-produced-on-the-commercial-level,published,2023-03-09 09:55:55,images/2023/03/Commercial-level.png,
1 in 6 Americans Is Food Insecure,1-in-6-americans-is-food-insecure,published,2023-03-09 09:58:45,images/2023/03/American-people.png,
That is so wrong!,that-is-so-wrong,published,2023-03-09 10:02:56,images/2023/03/305179993_1428504007615524_2702178215668710721_n.jpeg,"images/2023/03/305208366_444720447439392_4120575003395537537_n-1.jpeg, images/2023/03/305153322_1547875179002259_3105367584237017625_n-1.jpeg"
Antioxidants are compounds that help protect our cells from damage,antioxidants-are-compounds-that-help-protect-our-cells-from-damage,published,2023-03-09 11:14:54,images/2023/03/Food-rich-in-Antioxidants.jpg,
Over 240 Million Slices of Bread Are Chucked Away Every Year,over-240-million-slices-of-bread-are-chucked-away-every-year,published,2023-03-09 11:17:15,images/2023/03/Bread.png,
Over 30% of food is lost or wasted each year.,untitled,published,2023-03-09 11:22:12,images/2023/03/8541e654-e5ab-41a2-ba1f-e81d3999fad3.png,
The climate crisis demands lower meat diets,climate-crisis-demands-lower-meat-diets,published,2023-03-09 11:26:13,images/2023/03/1677691953617.jpeg,
Welcome to our foodsharing company donation page!,welcome-to-our-foodsharing-company-donation-page,published,2023-03-09 12:15:10,images/2023/03/2023-03-03-14.57.52.jpg,
5 facts about food waste,5-facts-about-food-waste,published,2023-03-09 12:20:35,images/2023/03/FqTJJwRWcAEhSTe.jpeg,
Donation,donation,published,2023-03-09 12:27:51,images/2023/03/2023-03-03-14.57.52-1.jpg,
OzHarvest FEAST program helps students,ozharvest-feast-program-helps-students,published,2023-03-09 20:09:00,images/2023/03/1678315562826.jpeg,
Ugly fruits and vegetables,ugly-fruits-and-vegetables,published,2023-03-10 09:08:33,images/2023/03/960x0.jpg,
Supermarkets are major contributors to food waste,supermarkets-are-major-contributors-to-food-waste,published,2023-03-10 12:53:23,images/2023/03/ezgif-3-c3a4391103.jpg,
Dumpster Diving Points To A Much Bigger Beauty Problem,dumpster-diving-points-to-a-much-bigger-beauty-problem,published,2023-03-10 18:43:20,images/2023/03/ezgif-4-5478afd2d4.jpg,
Witness the INSANE land use of US meat/dairy,witness-the-insane-land-use-of-us-meat-dairy,published,2023-03-10 20:01:39,images/2023/03/1678384601309.jpeg,
Why is urban nature so important?,why-is-urban-nature-so-important,published,2023-03-10 20:04:31,images/2023/03/1678428035863-1.jpeg,
DUMPSTER DIVE DELICIOUSNESS,dumpster-dive-deliciousness,published,2023-03-10 20:12:16,images/2023/03/2014-09-28-2--1-.jpg,
The meat industry continues to fiercely lobby against plant-based options,the-meat-industry-continues-to-fiercely-lobby-against-plant-based-options,published,2023-03-10 20:31:53,images/2023/03/1678471183698.jpeg,
One of India�s trash mountains is on fire again and residents are choking on its toxic fumes,one-of-indias-trash-mountains-is-on-fire-again-and-residents-are-choking-on-its-toxic-fumes,published,2023-03-11 09:09:13,images/2023/03/230306175740-01-brahmapuram-plant.jpg,
Bell Peppers�,bell-peppers,published,2023-03-11 11:18:21,images/2023/03/1678051756790.jpeg,
Plant-Based Meat Market to Almost Double in Value Despite Recent Drop in Sales,plant-based-meat-market-to-almost-double-in-value-despite-recent-drop-in-sales,published,2023-03-11 11:37:30,images/2023/03/Green-Go.webp,
12 Reasons to Stop Drinking Cow�s Milk,12-reasons-to-stop-drinking-cows-milk,published,2023-03-11 13:03:16,,"images/remote/xray-602x501.jpg, images/remote/got-prostate-cancer_MILK_BB72-1024x299.jpg, images/remote/8304.HoeDown2010_5F00_JoMcArthur_2D00_3268.jpg, images/remote/BB-got_zits-page-001-1024x298.jpg, images/remote/cow-on-factory-farm-602x409-1435682829.jpg, images/remote/Happy-Mother-and-Baby-Cows-602x384.jpg, images/remote/sick-kid-602x402.jpg, images/remote/800-pigs-in-grass1-198x120.jpg, images/remote/milking-602x397.jpg, images/remote/Cow-on-Factory-Farm-PETA-Owned-602x429-1435685095.jpg, images/remote/picture-4-1-602x348-1435685250.jpg, images/remote/vegan-swaps-for-dairy-products-peta.png"
How �ugly� fruit and vegetables could tackle food waste and solve supermarket supply shortages,how-ugly-fruit-and-vegetables-could-tackle-food-waste-and-solve-supermarket-supply-shortages,published,2023-03-11 15:21:01,images/2023/03/00498832b87544bf97238c73494ddf0f.jpg,
Las Vegas has a food waste problem,las-vegas-has-a-food-waste-problem,published,2023-03-11 20:02:09,images/2023/03/las-vegas-trash-bags.jpg,
All of this food would typically go to landfill where it would create methane gas.,all-of-this-food-would-typically-go-to-landfill-where-it-would-create-methane-gas-2,published,2023-03-13 06:25:16,,
Which food waste produces the most methane in a landfill when it is isolated from oxygen?,responsible-for-producing-the-most-methane-emissions-inside-a-landfill-when-they-are-isolated-from-oxygen,published,2023-03-13 06:36:19,images/2023/03/feature_landfill_methane_main-760x378-1.jpg,
Fruit trees are true wealth.,fruit-trees-are-true-wealth,published,2023-03-13 08:03:43,images/2023/03/335281101_1210398926251554_4021459924063784732_n--1-.jpg,
Why isn't anyone speaking about our food system?,why-isnt-anyone-speaking-about-our-food-system,published,2023-03-14 19:35:09,,
Human health: the catalyst to creating regenerative food systems,human-health-the-catalyst-to-creating-regenerative-food-systems,published,2023-03-14 20:30:47,images/2023/03/cf95328c-bd64-477d-beee-688d530a2e3b_1024x615.webp,
Respect to Lidl GB on this one,respect-to-lidl-gb-on-this-one,published,2023-03-14 20:41:41,images/2023/03/1678048021816.jpeg,
More people are seeking food relief than ever before,more-people-are-seeking-food-relief-than-ever-before,published,2023-03-14 20:46:46,images/2023/03/1678758016701.jpeg,
?? FREE Sustainability courses from the United Nations,free-sustainability-courses-from-the-united-nations,published,2023-03-14 20:54:05,images/2023/03/1678717058319.jpeg,
"The Best that Money Can't Buy: Beyond Politics, Poverty, & War",the-best-that-money-cant-buy-beyond-politics-poverty-war-2,published,2023-03-14 21:02:51,images/2023/03/334780408_584297583738447_2408047366588961213_n.jpg,
The Evening Post in Norway is asking: Does it pay for supermarkets to dump out perfectly edible food?,the-evening-post-in-norway-is-asking-does-it-pay-for-supermarkets-to-dump-out-perfectly-edible-food,published,2023-03-14 21:07:41,images/2023/03/1678700468535.jpeg,
Bon App�tit,bon-appetit,published,2023-03-17 08:50:34,images/2023/03/just-eat-it-food-waste-hummus.webp,
"The Australian Government has reversed its decision on ""renewable"" biomass.",the-australian-government-has-reversed-its-decision-on-renewable-biomass,published,2023-03-17 12:34:21,,
Today I was allowed to save food again,today-i-was-allowed-to-save-food-again,published,2023-03-17 16:24:36,images/2023/03/173063714_216939316852698_8206013384164981758_n.jpg,
Environment and Climate Change Canada,environment-and-climate-change-canada,published,2023-03-18 11:57:13,,
More treasure than trash: Dumpster diving continues to rise across Australia,more-treasure-than-trash-dumpster-diving-continues-to-rise-across-australia,published,2023-03-18 12:09:08,images/2023/03/https___prod.static9.net.au___media_2018_10_26_16_57_dumpsterfeed--1-.jpg,"images/remote/https%3A%2F%2Fprod.static9.net.au%2F_%2Fmedia%2F2018%2F10%2F26%2F16%2F56%2F44830136_2137140773002767_1161153135847145472_n.jpg, images/remote/https%3A%2F%2Fprod.static9.net.au%2F_%2Fmedia%2F2018%2F10%2F26%2F16%2F56%2Fvanessafeed.jpg, images/remote/https%3A%2F%2Fprod.static9.net.au%2F_%2Fmedia%2F2018%2F10%2F26%2F17%2F07%2FCapture.PNG, images/remote/https%3A%2F%2Fprod.static9.net.au%2F_%2Fmedia%2F2018%2F10%2F26%2F16%2F56%2Fdd.jpg"
Dumpster diving isn't crazy - food waste is,dumpster-diving-isnt-crazy-food-waste-is,published,2023-03-18 12:16:00,images/2023/03/food.jpg,"images/remote/IMG_2032.jpg, images/remote/IMG_2033.jpg, images/remote/unnamed+%282%29.jpg"
Food rescued,food-rescued,published,2023-03-18 14:22:40,images/2023/03/335786785_886097746017433_7192260776780694195_n.jpg,
Join the Fight Against Food Waste and World Hunger - Test Our New Foodsharing App Today,a-call-to-the-foodsharing-communities-for-help,published,2023-03-19 10:24:36,images/2023/03/Food-is-medicine--1-.png,
"Mounting Food Waste: The Growing Environmental, Economic, and Social Problem We Can No Longer Ignore",mounting-food-waste-the-growing-environmental-economic-and-social-problem-we-can-no-longer-ignore,published,2023-03-19 13:21:17,images/2023/03/organicnz_huge_mountains_of_discarded_and_wasted_food_photoreal_675cf149-5519-4841-81e0-332976d372d6--1-.png,
Fighting Food Waste: Preventing a Dystopian Future like in Wall-e,fighting-food-waste-preventing-a-dystopian-future-like-in-wall-e,published,2023-03-20 12:28:03,images/2023/03/DefensiveUnfoldedImago-size_restricted.gif,
Food Waste: A Dystopian Future in the Making,food-waste-a-dystopian-future-in-the-making,published,2023-03-20 14:20:08,images/2023/03/wall-e_trash.webp,
Supermarkets would rather feed its food surplus to insects than selling foods too cheaply via discounts to their customers,supermarkets-would-rather-feed-its-food-surplus-to-insects-than-selling-foods-too-cheaply-via-discounts-to-their-customers,published,2023-03-20 15:08:33,images/2023/03/1679322461268.jpeg,
"When we say ""I'll throw this away"", this is what ""away"" means",when-we-say-ill-throw-this-away-this-is-what-away-means,published,2023-03-20 15:29:57,,
What We are Reading: Our 7 Essential Books on Hunger and Food Waste,what-we-are-reading-our-7-essential-books-on-hunger-and-food-waste,published,2023-03-20 18:19:14,images/2023/03/719ftweZ7EL.jpg,"images/remote/9781631066580.jpeg, images/remote/59d4b992d7fa2833253bf4a8fbe91112887e573c.jpeg, images/remote/36236132._UY1200_SS1200_.png, images/remote/912gRdVxnUL.jpeg, images/remote/9780060954864.jpeg, images/remote/s109435544520601797_p3274_i1_w647.jpeg, images/remote/61eMKIEKB5L.jpeg"
Shop's dumps,shops-dumps,published,2023-03-20 18:49:21,images/2023/03/336335541_616047896528468_6044417084461738999_n.jpg,
? New IPCC report ?,new-ipcc-report,published,2023-03-20 19:28:11,images/2023/03/1679338789207.jpeg,
Combatting Food Waste During Ramadan: Strategies and Solutions,combatting-food-waste-during-ramadan-strategies-and-solutions,published,2023-03-22 11:47:29,images/2023/03/food-waste-Ramadan.jpg,
"Reducing Food Waste During Ramadan: Causes, Consequences, and Solutions in the Arab World",reducing-food-waste-during-ramadan-causes-consequences-and-solutions-in-the-arab-world,published,2023-03-22 12:09:42,images/2023/03/image3-770x400.png,
Danish on-farm food waste,danish-on-farm-food-waste,published,2023-03-22 13:09:02,images/2023/03/1679488300769.jpeg,
A Rapidly Closing Window of Opportunity?: Latest IPCC Report Urges Immediate Climate Action,a-rapidly-closing-window-of-opportunity-latest-ipcc-report-urges-immediate-climate-action,published,2023-03-22 13:24:44,images/2023/03/1679417801336.png,
Containers Non food-Edition,containers-non-food-edition,published,2023-03-23 09:37:47,images/2023/03/337179128_594714362574677_8005743378231233825_n.jpeg,
Non-standard pastry,non-standard-pastry,published,2023-03-23 09:42:11,images/2023/03/336405302_1412213646299535_8904659622839323014_n.jpeg,
5 TIPS TO WASTE LESS FOOD,5-tips-to-waste-less-food,published,2023-03-23 10:39:19,images/2023/03/canva-5-tips-to-help-with-food-waste-poster-SjHxMSM5qTw.jpg,
What Is Zero Waste?,what-is-zero-waste,published,2023-03-23 10:49:26,images/2023/03/canva-blue-3d-zero-waste-educational-poster-8DobrYM7qms.jpg,
An Apple a day keeps the landfill away...,an-apple-a-day-keeps-the-landfill-away,published,2023-03-23 11:50:28,images/2023/03/Untitled-design--1-.png,
The Benefits of Choosing Ugly Produce: Reducing Food Waste and Supporting Sustainability,the-benefits-of-choosing-ugly-produce-reducing-food-waste-and-supporting-sustainability,published,2023-03-25 09:49:35,images/2023/03/foodshare.club.png,
The Environmental Impact of Food Waste: Why We Need to Reduce It,the-environmental-impact-of-food-waste-why-we-need-to-reduce-it,published,2023-03-25 10:04:41,images/2023/03/foodshare.club--1-.png,
Do you like fruit?,do-you-like-fruit,published,2023-03-25 11:28:48,images/2023/03/canva-0zLlv_tT-ys.jpg,
Cornerstone Cafe at the University of Technology Sydney offer the Good-Edi coffee cups,cornerstone-cafe-at-the-university-of-technology-sydney-offer-the-good-edi-coffee-cups,published,2023-03-26 10:26:15,images/2023/03/Coffe--1-.png,
World Day for the End of Fishing,world-day-for-the-end-of-fishing,published,2023-03-26 12:22:24,images/2023/03/1679756444834.jpeg,
Grass puppies ?,grass-puppies,published,2023-03-26 12:29:38,images/2023/03/1679774403430.jpeg,
What a great action,what-a-great-action,published,2023-03-26 13:20:47,images/2023/03/1679505202397.jpeg,
Preventing food from falling through the cracks,preventing-food-from-falling-through-the-cracks,published,2023-03-26 13:56:52,images/2023/03/1679317313541.jpeg,
The beauty and the ridicule of our interconnected world,the-beauty-and-the-ridicule-of-our-interconnected-world,published,2023-03-26 14:09:49,images/2023/03/1679566894773.jpeg,
"Breakfast, lunch and dinner sorted",breakfast-lunch-and-dinner-sorted,published,2023-03-26 14:24:26,,
Scandalously: the meat industry have blocked the IPCC from highlighting the need for more plant-based diets,scandalously-the-meat-industry-have-blocked-the-ipcc-from-highlighting-the-need-for-more-plant-based-diets,published,2023-03-27 17:30:53,images/2023/03/1679932336941-1.jpeg,
Why The Phrase Food Waste Is Hindering The Fight To Prevent It,why-the-phrase-food-waste-is-hindering-the-fight-to-prevent-it,published,2023-03-27 17:52:11,images/2023/03/960x0--1-.jpg,
Revolutionizing Food Sharing: Real-Time Chats and Map Integration on Our Web App,revolutionizing-food-sharing-real-time-chats-and-map-integration-on-our-web-app,published,2023-03-27 18:02:43,images/2023/03/18214766d8b14c948202e3bfcb7219b5--1-.jpg,
"Save Earth, Save Yourself",save-earth-save-yourself,published,2023-03-27 19:22:15,images/2023/03/Tosca-Minimalist-Zero-Waste-Reminder-Instagram-Post-1.png,
Foodshare has implemented maps,foodshare-has-implemented-maps,published,2023-03-27 19:36:39,images/2023/03/Maps--1-.png,
Today is Denmark's Overshoot day,today-is-denmarks-overshoot-day,published,2023-03-28 09:44:20,images/2023/03/1679983872543.jpeg,
March 28 is Denmark's Overshoot Day,march-28-is-denmarks-overshoot-day,published,2023-03-28 11:19:04,images/2023/03/1679999885508.jpeg,
The Economic Cost of Food Waste: A Global Perspective,the-economic-cost-of-food-waste-a-global-perspective,published,2023-03-28 13:40:37,images/2023/03/GettyImages-162980721-JVedit.jpg,
Bell pepper left unharvested because the price dropped below the harvest cost,bell-pepper-left-unharvested-because-the-price-dropped-below-the-harvest-cost,published,2023-03-28 16:59:02,images/2023/03/1680006165574.jpeg,
Rotting food waste,rotting-food-waste,published,2023-03-29 09:29:31,images/2023/03/Did-you-know_-Rotting-food-waste-creates-methane-gas--which-is-more-harmful-to-the-environment-than-carbon-dioxide..png,
Overripe bananas?,overripe-bananas,published,2023-03-29 09:41:07,images/2023/03/Green-And-Yellow-Modern-Food-Smoothie-Recipe-Instagram-Post--1-.png,
Do you need to worry about pesticide residues on fruits and vegetables?,do-you-need-to-worry-about-pesticide-residues-on-fruits-and-vegetables,published,2023-03-29 10:25:52,images/2023/03/1680018101124--1-.jpeg,
Food waste: bread,food-waste-bread,published,2023-03-29 11:00:53,images/2023/03/1680085120940.jpeg,
"Before you throw out that food, remember",before-you-throw-out-that-food-remember,published,2023-03-29 15:38:14,images/2023/03/For-tips-on-how-to-reduce-your-own-food-waste--head-to-foodshare.club.png,
"The Global Impact of Food Waste and Loss: A Look at Europe, the USA, and Beyond",the-global-impact-of-food-waste-and-loss-a-look-at-europe-the-usa-and-beyond,published,2023-03-30 09:27:13,images/2023/03/people-and-globe.jpg,
Food price inflation,food-price-inflation,published,2023-03-30 13:32:36,,
Farming Realities: Tough Decisions for Economic Sustainability and Food Loss,farming-realities-tough-decisions-for-economic-sustainability-and-food-loss,published,2023-03-30 13:43:16,images/2023/03/1680093953631.jpeg,
Zero Waste Living: A Sustainable Lifestyle,zero-waste-living-a-sustainable-lifestyle,published,2023-03-30 13:58:48,images/2023/03/Green-White-Modern-Photo-centric--Zero-Waste-Living-Presentation.jpg,
Food Waste and Methane Emissions: The Importance of Reducing Food Waste for a Sustainable Future,food-waste-and-methane-emissions-the-importance-of-reducing-food-waste-for-a-sustainable-future,published,2023-03-31 11:34:29,,
The Power of Mindfulness: Cultivating a Present Life,the-power-of-mindfulness-cultivating-a-present-life,published,2023-03-31 11:44:51,images/2023/03/Healthy-Food.png,
The world waste,the-world-waste,published,2023-04-02 09:45:26,,
How To Make Vegan Pesto With Stinging Nettles,how-to-make-vegan-pesto-with-stinging-nettles,published,2023-04-02 10:38:52,images/2023/04/plant-based-news-vegan-stinging-nettle-pasta-730x500.webp,
"Embracing Zero Waste: The Importance of Reducing, Reusing, and Recycling",embracing-zero-waste-the-importance-of-reducing-reusing-and-recycling,published,2023-04-02 10:46:55,images/2023/04/Beige-Minimalist-Zero-Waste-Reminder-Instagram-Post.png,
How The Death Of Dumpster Diving Shows An Appetite For Reducing Global Food Waste,how-the-death-of-dumpster-diving-shows-an-appetite-for-reducing-global-food-waste,published,2023-04-02 20:03:47,images/2023/04/dumpster-diving-TStuart-cMurdo-Macleod--1-.jpg,
Robin Greenfield: Dumpster Diving,robin-greenfield-dumpster-diving,published,2023-04-02 20:13:12,images/2023/04/Los-Angeles-Food-Waste-Fiasco-Rob-Greenfield.jpg,
"Global Food Waste: 1.3 Billion Tonnes Discarded Annually, Valued at $1 Trillion",global-food-waste-1-3-billion-tonnes-discarded-annually-valued-at-1-trillion,published,2023-04-02 20:20:13,images/2023/04/e85cf7_972c8fac5dc549d5983aad8040a9482e_mv2.webp,
The Circular Economy and Food Waste,the-circular-economy-and-food-waste,published,2023-04-03 15:11:13,images/2023/04/1680531202657.jpeg,
Global food system,global-food-system,published,2023-04-03 15:19:54,images/2023/04/1680534070588.jpeg,
Australian food waste,australian-food-waste,published,2023-04-05 12:33:55,images/2023/04/CGI-20bn-of-food-waste-in-Sydney-Harbour_image-credit-Christian-Debney-e1604279384638.jpg,
Food waste and water,food-waste-and-water,published,2023-04-05 12:40:08,images/2023/04/resizer.jpeg,
Plastic Pollution in Africa: Threats and Solutions,plastic-pollution-in-africa-threats-and-solutions,published,2023-04-05 14:19:44,images/2023/04/plasticprobl.jpg,
GREENWASH ALERT,greenwash-alert,published,2023-04-05 18:23:49,images/2023/04/1680713502679.jpeg,
Greenhouse gas emissions,greenhouse-gas-emissions,published,2023-04-05 18:30:07,images/2023/04/climate-simulation.webp,
Waste Through Food Upcycling: A Profitable Opportunity,waste-through-food-upcycling-a-profitable-opportunity,published,2023-04-05 20:02:44,images/2023/04/6425d2e038fc8f8a8d3915d3_food-waste-4-p-2600.jpg,
Another University to go VEGAN,another-university-to-go-vegan,published,2023-04-05 20:08:07,images/2023/04/1680619041055.jpeg,
Dumpster dived fresh fruits and vegetables,dumpster-dived-fresh-fruits-and-vegetables,published,2023-04-05 20:13:32,images/2023/04/339342099_755445699400964_3644378188971288852_n.jpeg,
Developed and developing countries waste,developed-and-developing-countries-waste,published,2023-04-05 20:22:25,images/2023/04/547749bbdbf3ecfdc9000001.jpg,
Germany: meat consumption,germany-meat-consumption,published,2023-04-06 22:42:26,images/2023/04/1680787754385.jpeg,
"Finding Balance: How Giving Up Led Me to a Healthier, Happier Life",finding-balance-how-giving-up-led-me-to-a-healthier-happier-life,published,2023-04-08 11:25:24,images/2023/04/1680743126481.jpeg,
Webinar: Circular Design for Food an introduction,webinar-circular-design-for-food-an-introduction,published,2023-04-09 09:18:47,images/2023/04/1680697834782.jpeg,
Carbon footprint infographic,carbon-footprint-infographic,published,2023-04-09 09:20:40,images/2023/04/1680966031143.jpeg,
Global temperature rise,global-temperature-rise,published,2023-04-09 09:45:26,,
What is a mushroom?,what-is-a-mushroom,published,2023-04-09 09:47:03,images/2023/04/1680843624399.jpeg,
Reversing the worlds massive food waste problem,reversing-the-worlds-massive-food-waste-problem,published,2023-04-09 09:50:33,images/2023/04/1680718959670.jpeg,
Banana is full of chemicals,banana-is-full-of-chemicals,published,2023-04-09 09:55:15,images/2023/04/1680825602834.jpeg,
Red Meat Increases Risk Of Endometriosis,red-meat-increases-risk-of-endometriosis,published,2023-04-09 09:59:40,images/2023/04/1680820201626.jpeg,
25 Foods You Can Re-Grow Yourself from Kitchen Scraps,25-foods-you-can-re-grow-yourself-from-kitchen-scraps,published,2023-04-09 21:16:21,images/2023/04/regrowfoodsfb.jpg,
10 Vegetables You Can Grow Indoors,10-vegetables-you-can-grow-indoors,published,2023-04-09 21:21:31,images/2023/04/vegetables-to-grow-indoors.webp,
10 Easy Vegetables to Grow in Pots,10-easy-vegetables-to-grow-in-pots,published,2023-04-09 21:27:23,images/2023/04/ContainerPlantingPin-800x1200.jpg,
When food waste and carbon dioxide,when-food-waste-and-carbon-dioxide,published,2023-04-09 21:35:33,images/2023/04/Neon-Green-Violet-Photocentric-Climate-Impact-Portrait-Food-Waste-Poster--1-.png,
Maintaining biodiversity means,maintaining-biodiversity-means,published,2023-04-09 22:00:44,images/2023/04/1681052711091.jpeg,
The Truth About Nutella,the-truth-about-nutella,published,2023-04-10 06:50:04,images/2023/04/nutella-facts-by-hungry-onion-blog.jpg,
Plant-based food good for health,plant-based-food-good-for-health,published,2023-04-11 06:08:40,images/2023/04/group-of-food-with-high-content-of-dietary-fiber-arranged-side-by-side.webp,
Global food challenges,global-food-challenges,published,2023-04-11 06:24:50,images/2023/04/1681128202596.jpeg,
Food Waste: The Silent Epidemic,food-waste-the-silent-epidemic,published,2023-04-14 08:12:04,images/remote/photo-1534533983688-c7b8e13fd3b6,
Quiz questions,quiz-questions,published,2023-04-15 13:08:59,images/2023/04/1681213872230.jpeg,
Food for thought,food-for-thought,published,2023-04-17 07:39:27,images/2023/04/Sky-Blue-Dark-Green-Corporate-Clean-Sustainable-Habits-Portrait-Food-Waste-Poster--1-.png,
Phyte away sickness with colorful fruits and vegetables,phyte-away-sickness-with-colorful-fruits-and-vegetables,published,2023-04-17 08:19:00,images/2023/04/fruits-and-vegetables-rainbow.jpg.webp,
When food rots it creates methane,when-food-rots-it-creates-methane,published,2023-04-17 08:27:38,images/2023/04/Orange-Green-Ivory-Expressive-Scribbles-Climate-Impact-Food-Waste-Facebook-Post.png,
Unharvested broccoli,unharvested-broccoli,published,2023-04-17 16:26:22,images/2023/04/1681736644600.jpeg,
LA community fridges,la-community-fridges,published,2023-04-18 19:27:57,images/2023/04/8d37f758545140eba4077e8455489253.jpg,
Perfectly Imperfect Silverdale Hub,perfectly-imperfect-silverdale-hub,published,2023-04-20 17:18:49,images/2023/04/1681885482587.jpeg,
This Earth Day,this-earth-day,published,2023-04-20 17:29:06,images/2023/04/1681938152414.jpeg,
Create a Meal with No Food Waste,create-a-meal-with-no-food-waste,published,2023-04-21 07:53:33,images/2023/04/Image-from-iOS-3-.jpg,
Zero waste and being vegan,zero-waste-and-being-vegan,published,2023-04-21 08:03:36,images/2023/04/IMG_9682.webp,
The rise of consumerism,the-rise-of-consumerism,published,2023-04-21 08:19:57,images/2023/04/consumerism-scaled.jpg,
Milk: land use,milk-land-use,published,2023-04-23 09:29:37,images/2023/04/1682184614423.jpeg,
How Reducing Portion Sizes Can Help Reduce Carbon Footprint,how-reducing-portion-sizes-can-help-reduce-carbon-footprint,published,2023-04-23 09:51:40,images/2023/04/1681987865012.jpeg,
Healthy Vegan Food,healthy-vegan-food-2,published,2023-04-24 14:11:42,images/2023/04/Colorful-Illustration-Healthy-Food-Planner-Presentation--1--1.jpg,
"Health Benefits of Incorporating Fruit, Veggies, Grains, Nuts, and Seeds Into Your Diet",health-benefits-of-incorporating-fruit-veggies-grains-nuts-and-seeds-into-your-diet,published,2023-04-24 15:27:15,,
Global temperature rise,global-temperature-rise-2,published,2023-04-24 16:07:49,images/2023/04/entry-cm_875-image.jpg,
Meat is eating up the planet,meat-is-eating-up-the-planet,published,2023-04-25 07:57:19,images/2023/04/1682072124658.jpeg,
The Hidden Costs of Food Waste: How Trashing Excess Food Is Driving Climate Change,the-hidden-costs-of-food-waste-how-trashing-excess-food-is-driving-climate-change,published,2023-04-25 07:57:20,images/2023/04/pexels-wendy-wei-1656663-1660x934-1.jpg,
The Abusive Relationship: Our Connection with Mother Earth,the-abusive-relationship-our-connection-with-mother-earth,published,2023-04-26 06:46:17,images/remote/photo-1584974292709-5c2f0619971b,
Regrowing vegetables,regrowing-vegetables,published,2023-04-26 07:10:10,images/2023/04/1681933340445--1-.jpeg,
Waste a meal,waste-a-meal,published,2023-04-27 19:14:01,images/2023/04/Pink-Black-Corporate-Clean-Climate-Impact-Food-Waste-Infographic.jpg,
Food waste fighting,food-waste-fighting-2,published,2023-04-28 21:29:50,images/2023/04/Purple-Green-Yellow-Expressive-Scribbles-Sustainable-Habits-Square-Food-Waste-Instagram-Post--1-.png,
Saving Sweet Potatoes: Reducing Food Waste Through Data Collection,saving-sweet-potatoes-reducing-food-waste-through-data-collection,published,2023-04-29 08:06:56,images/2023/04/1682690651294.jpeg,
Plant-based Milk,plant-based-milk,published,2023-04-29 18:13:48,images/2023/04/1682780464383-1.jpeg,
Do you need to worry about pesticide residues on fruits and vegetables?,do-you-need-to-worry-about-pesticide-residues-on-fruits-and-vegetables-2,published,2023-05-01 18:31:32,images/2023/05/1682452084642.jpeg,
NYC Promotes Plant-Based Diets to Reduce Food Emissions,nyc-promotes-plant-based-diets-to-reduce-food-emissions,published,2023-05-02 07:52:54,images/2023/05/1682941011426.jpeg,
Reducing Food Loss and Waste through Value-Added Processes and Human Rights Advocacy,reducing-food-loss-and-waste-through-value-added-processes-and-human-rights-advocacy,published,2023-05-03 17:04:25,images/2023/05/1683031866264.jpeg,
The Global Benefits of Reducing Food Loss and Waste,the-global-benefits-of-reducing-food-loss-and-waste,published,2023-05-03 17:41:10,images/2023/05/wasted-canned-food-at-supermarket-1.jpg,
The Black Carrot Nebula - an heirloom vegetable,the-black-carrot-nebula-an-heirloom-vegetable,published,2023-05-14 07:00:15,images/2023/05/1683821062380.jpeg,
Fighting Animal Abuse: A Case for Plant-Based Eating,fighting-animal-abuse-a-case-for-plant-based-eating,published,2023-05-15 07:31:23,images/2023/05/1683648075123.jpeg,
The Great Green Wall: A Success Story in Land Restoration and Climate Change Mitigation,the-great-green-wall-a-success-story-in-land-restoration-and-climate-change-mitigation,published,2023-05-16 08:25:27,images/2023/05/1683028677099.jpeg,
"Dairy's Hidden Climate Impact: Why Cheese and Butter Are Luxuries, Not Staples",dairys-hidden-climate-impact-why-cheese-and-butter-are-luxuries-not-staples,published,2023-05-17 09:02:10,images/2023/05/1683715126960.jpeg,
Zeroing In On Food Waste: A Toolkit For States,zeroing-in-on-food-waste-a-toolkit-for-states,published,2023-05-17 17:06:15,images/2023/05/1684325825813.jpeg,
Op-ed: Why Those Community Fridges Won�t Solve Hunger,op-ed-why-those-community-fridges-wont-solve-hunger,published,2023-05-17 18:31:39,images/2023/05/GettyImages-1211905673-scaled.jpg,
The Secondhand Refrigerators Feeding New Yorkers,the-secondhand-refrigerators-feeding-new-yorkers,published,2023-05-17 18:35:01,images/2023/05/c100a4990f0e1a93f06d21b82887235b7c-lede-.2x.rhorizontal.w1100.webp,"images/remote/652dc6532223b51cbbeea90144715135e3-2----.rhorizontal.w900.jpg, images/remote/d2743d7d6ef96470ed8ffc07fcaa6d7887-3----.rhorizontal.w900.jpg, images/remote/59e1cefbbe8ea1a54b00980517de64a890-4----.rhorizontal.w900.jpg, images/remote/6f9f18b6f503433ed4f5361a4dcc1aab78-5----.rhorizontal.w900.jpg, images/remote/c06b30b38abc0da06b84efaa01892f433c-6----.rhorizontal.w900.jpg, images/remote/e8fc88cd7598b33f4b4f127af15d9a291b-7----.rhorizontal.w900.jpg, images/remote/119f49a10a75476003e5f7943252e70f21-8----.rhorizontal.w900.jpg, images/remote/f89c518c99fb4ac2a5317f63709c20c17c-9----.rhorizontal.w900.jpg, images/remote/313d1a38088f9226e640d9b5e3724fdf60-10---.rhorizontal.w900.jpg, images/remote/817b66652a669fa403907436eb01995785-11---.rhorizontal.w900.jpg, images/remote/a2427ba71991d322b99dc45c4ab135fc3e-12---.rhorizontal.w900.jpg, images/remote/5c1dc17e40cd83e09786af6c940595c21e-13---.rhorizontal.w900.jpg, images/remote/f7df1646746b713381aad9cff1fb686b21-14---.rhorizontal.w900.jpg, images/remote/49850f827bf0201458660c3c7b809a475e-15---.rhorizontal.w900.jpg, images/remote/1031758bcbd48cba82605753d833d605b4-16---.rhorizontal.w900.jpg, images/remote/4a717bc4f4d3ee3a82a81f2644116abaa2-17---.rhorizontal.w900.jpg"
"Dramatic Reduction in Meat Consumption Needed to Address Climate Crisis, Says New Report",dramatic-reduction-in-meat-consumption-needed-to-address-climate-crisis-says-new-report,published,2023-05-18 06:18:37,images/2023/05/1684162671034.jpeg,
Mushrooms are a cost-effective alternative to meat,mushrooms-are-a-cost-effective-alternative-to-meat,published,2023-05-19 08:43:17,images/2023/05/1684249334950.jpeg,
Congress Takes Action Against Household Food Waste With Bipartisan Bill Introduction,congress-takes-action-against-household-food-waste-with-bipartisan-bill-introduction,published,2023-05-19 15:04:18,images/2023/05/Slide1.JPG.webp,
Sustainably Delicious: The Benefits of Agroforestry for Coffee and Chocolate Production,sustainably-delicious-the-benefits-of-agroforestry-for-coffee-and-chocolate-production,published,2023-05-21 07:16:14,images/2023/05/1684232493058.jpeg,
Bananas: A Nutritious and Delicious Fruit,bananas-a-nutritious-and-delicious-fruit,published,2023-05-22 11:06:36,images/2023/05/347107203_2458394504327632_6702975899371591897_n.jpg,
Why should food waste reduction be top of mind when thinking about climate change?,why-should-food-waste-reduction-be-top-of-mind-when-thinking-about-climate-change,published,2023-05-22 11:48:58,images/2023/05/1682708609358.png,
Exploring the Diversity of Grocery Stores and Open Street Markets in Asian Countries,exploring-the-diversity-of-grocery-stores-and-open-street-markets-in-asian-countries,published,2023-05-23 07:27:26,images/2023/05/345471445_624013076059324_3803137571149965666_n.jpg,
Sailing the Farm � Does Seasteading Have to be Expensive or Futuristic?,sailing-the-farm-does-seasteading-have-to-be-expensive-or-futuristic,published,2023-05-23 14:14:38,images/2023/05/SailFarm-Featured.webp,
Vegan Miso Lime Mayo Is A Must-Try Upgrade For Your Asparagus,vegan-miso-lime-mayo-is-a-must-try-upgrade-for-your-asparagus,published,2023-05-25 08:00:29,images/2023/05/plant-based-news-miso-mayo-asparagus-730x500.jpg,
Unlocking the Health Benefits of Bananas,unlocking-the-health-benefits-of-bananas,published,2023-05-26 07:32:56,images/2023/05/347556529_268117399107927_1823269941243428655_n.jpg,
Food Waste: The Silent Killer of Our Planet,food-waste-the-silent-killer-of-our-planet,published,2023-05-27 08:09:04,images/2023/05/pqRXEVrleveDxXV5PgRHEwzRrwfI0_ZNk9XaYU2YJAo.jpeg,
The Shocking Extent of Corporate Waste: Target's Dumpster Filled with Unexpired Perishables,the-shocking-extent-of-corporate-waste-targets-dumpster-filled-with-unexpired-perishables,published,2023-05-27 09:57:18,images/2023/05/349049647_1296734057588390_4123024899807027104_n.jpg,
Meat & fossil fuels: Climate crisis,meat-fossil-fuels-climate-crisis,published,2023-05-28 07:38:45,images/2023/05/1685054506086.jpeg,
Community Fridges,community-fridges,published,2023-05-29 07:07:40,images/2023/05/image-asset.jpeg,
This pasta salad uses rotini pasta and is full of various delicious and colorful summer ingredients,this-pasta-salad-uses-rotini-pasta-and-is-full-of-various-delicious-and-colorful-summer-ingredients,published,2023-05-31 07:27:33,images/2023/05/Summertime-Pasta-CA-Olives-Plant-Based-on-a-Budget-1.jpg,
The elephant in the climate tech room,the-elephant-in-the-climate-tech-room,published,2023-05-31 12:49:41,images/2023/05/1_ZebkfyG2rG3b_qPJgK8Jfw.webp,
How Plastics Can Be Removed From Our Rivers And Oceans,how-plastics-can-be-removed-from-our-rivers-and-oceans,published,2023-05-31 20:43:50,images/2023/05/1_J4vyZjECGxuuCfYuIIa0dQ.webp,
Dumpster Diving in LA: From Trash to Treasure | Saving America's Food Waste Documentary,dumpster-diving-in-la-from-trash-to-treasure-saving-americas-food-waste-documentary,published,2023-06-01 10:17:09,images/2023/06/maxresdefault--2-.jpg,
Zero Waste Documentary,zero-waste-documentary,published,2023-06-02 11:30:33,images/2023/06/zero-waste-ehkologiya-budushchego-ili-ocherednaya-fata-morgana.jpg,
FOOD WASTE TRANSPARENCY NOW!,food-waste-transparency-now,published,2023-06-03 10:51:23,images/2023/06/1685462755220.jpeg,
"Lentils And Broccoli Make A Perfect Iron-Rich Vegan Summer Salad (Yes, Really!)",lentils-and-broccoli-make-a-perfect-iron-rich-vegan-summer-salad-yes-really,published,2023-06-04 08:25:35,images/2023/06/plant-based-news-lentil-broccoli-salad-vegan-730x500.webp,
Iconic Vegan Documentary �The Game Changers� Is Getting A Sequel,iconic-vegan-documentary-the-game-changers-is-getting-a-sequel,published,2023-06-07 09:08:51,images/2023/06/1685731590917.jpeg,
"Building a Food System that Works for Everyone: A Look at the Intersection of Food Waste with Justice, Equity, Diversity, and Inclusion",building-a-food-system-that-works-for-everyone-a-look-at-the-intersection-of-food-waste-with-justice-equity-diversity-and-inclusion,published,2023-06-09 09:23:33,images/2023/06/1686011628581.jpeg,
From Cows to Choices: Unveiling the Environmental Footprint of Milk Options on WorldMilkDay,from-cows-to-choices-unveiling-the-environmental-footprint-of-milk-options-on-worldmilkday,published,2023-06-10 11:01:10,images/2023/06/1685695325874.jpeg,
Overcoming Perceived Difficulties: Unleashing the Power of Diet Change for a Sustainable Future,overcoming-perceived-difficulties-unleashing-the-power-of-diet-change-for-a-sustainable-future,published,2023-06-11 05:32:31,images/2023/06/1685606288987.jpeg,
Panera Bread: Leading the Way in Sustainability and Food Waste Prevention,panera-bread-leading-the-way-in-sustainability-and-food-waste-prevention,published,2023-06-13 16:59:09,images/2023/06/maxresdefault-1.jpg,
Beyond Individual Actions: Unveiling the Real Culprits in the Climate Crisis,beyond-individual-actions-unveiling-the-real-culprits-in-the-climate-crisis,published,2023-06-15 06:57:18,images/2023/06/1685952753153.jpeg,
Today's table!,todays-table,published,2023-06-16 17:53:37,images/2023/06/354216149_6350896531644094_7924148881652426458_n.jpg,
Another day Another supermarket dumpster,untitled-2,published,2023-06-17 06:03:24,images/2023/06/0_QKSJ2I3q8n_yLh-4.webp,
The 15 Best Plant-Based Protein Sources For Vegans,the-15-best-plant-based-protein-sources-for-vegans,published,2023-06-19 16:44:50,images/2023/06/plant-based-news-vegan-food-highest-protein-730x500.jpg,
National Food Waste Audit,national-food-waste-audit,published,2023-06-21 14:46:56,images/2023/06/GettyImages-1214984387.jpeg,
Shifting Towards Sustainability: The Role of Meat and Dairy in the EU Diet,shifting-towards-sustainability-the-role-of-meat-and-dairy-in-the-eu-diet,published,2023-06-23 15:56:16,images/2023/06/1686569832304.jpeg,
The Path to Sustainable Living: Embracing a Lifestyle for a Brighter Future,the-path-to-sustainable-living-embracing-a-lifestyle-for-a-brighter-future,published,2023-06-27 14:55:14,images/2023/06/356204105_684808446991819_700204060641619307_n.jpg,
Reducing Bread Waste: Introducing the 'Don't Waste Your Dough' Toolkit for Bakers,reducing-bread-waste-introducing-the-dont-waste-your-dough-toolkit-for-bakers,published,2023-06-29 17:26:12,images/2023/06/1688012667241.jpeg,
The Best Veggie Burgers,the-best-veggie-burgers,published,2023-06-30 08:10:38,images/2023/06/356945017_10167346799905618_376803665478490167_n.jpg,
EU LEAK OF FOOD WASTE TARGETS,eu-leak-of-food-waste-targets,published,2023-07-03 16:25:49,images/2023/07/1688400060560.jpeg,
EU Commission Proposes Binding Food Waste Targets: A Milestone in the Fight Against Food Waste,eu-commission-proposes-binding-food-waste-targets-a-milestone-in-the-fight-against-food-waste,published,2023-07-11 17:34:08,images/2023/07/shutterstock_1194695191-800x450.jpg,
Reviving the Plate: Shifting the Balance in Food Advertising Towards Health and Sustainability,this-is-what-we-call-waste-across-the-united-states-copy,published,2023-07-12 11:03:06,images/2023/07/1689151031153.jpeg,
Repurposing Food Waste into Sustainable Fertilizer,revolutionizing-agriculture-easy-energy-systems-partners-with-feed-earth-now-to-repurpose-food-waste-into-sustainable-fertilizer,published,2023-09-01 19:00:21,images/2023/09/1693514049291.jpeg,"images/2023/09/1693514048368.jpeg, images/2023/09/1693514047051.jpeg"
"As a vegan, I wonder. If we released all the animals from industrial farms, would they continue to multiply? And what is the annual consumption of animals by all of humanity, and what would be a realistic scenario?",untitled-3,published,2024-05-14 03:12:34,images/remote/photo-1596531517519-ca022f37008c,
"The $1 Trillion Food Waste Scandal: It's Not About Quantity, It's About Quality",the-1-trillion-food-waste-scandal-its-not-about-quantity-its-about-quality,published,2024-05-14 23:45:43,images/2024/05/LinkedIn-Feed-Image.jpeg,
How Many Vegans Are in the World? Exploring Veganism Growth in 2024,test,published,2024-05-27 20:33:03,images/2024/06/How-Many-Vegans-Are-in-the-World-Exploring-Veganism-Growth-in-2024.jpg,"images/remote/Vegetarian-Statisticgood-food-institute-reported-in-vegan-countriess-1024x576.jpg, images/remote/Vegetarian-population-1024x576.jpg, images/remote/vegan-around-the-world-1024x576.jpg, images/remote/TOP-10-MOST-VEGAN-COUNTRIES-1024x576.png, images/remote/lAQmFxwKkOa8XhI0-gkbLeEkL_hBvN-RXYN6wnP5Gnjsm4Jfm6Y_BemKUiDpMLDlkZk6NZYGf3QMlRh-UeYFFSNnO7OmU-1-ojVcYVZ04vsdet_abFDZUKVRiFZsz46CGflAOFYtSdDADF9-1d0_-rM, images/remote/how-many-vegan-in-the-world-1024x576.jpg, images/remote/How-Many-Vegans-in-the-US-1024x576.jpg, images/remote/food-and-agriculture-organization-1024x576.jpg, images/remote/plant-based-foods-1024x576.png, images/remote/how-many-people-eat-vegan-diets-1024x576.jpg, images/remote/vegan-food-sales-rising-1024x576.png, images/remote/how-many-vegans-are-there-in-the-world-1024x576.jpg, images/remote/veganism-statistic-1024x1002.png, images/remote/dairy-replacements-for-vegetarian-society-1024x576.png, images/remote/plant-based-foods-taste-like-plant-milk-1024x576.jpg, images/remote/entire-population-of-vegans-identify-1024x576.jpg, images/remote/Veganuary-Countries-1024x576.jpg, images/remote/more-than-half-continue-eating-meat-1024x576.jpg, images/remote/global-population-turning-vegan-1024x659.png, images/remote/research-conducted-on-young-adults--1024x576.jpg, images/remote/vegan-food-1024x576.jpg, images/remote/Veganism-Health-Benefits-1024x576.jpg, images/remote/most-vegans-affect-global-retail-sales-1024x576.jpg"
5 Food Myths You Should Stop Believing,5-food-myths-you-should-stop-believing,published,2024-09-14 05:51:01,images/2024/09/scale.webp,
